{
  "categorias": [
    {
      "id": 1,
      "nombre": "Acción"
    },
    {
      "id": 2,
      "nombre": "Aventura"
    },
    {
      "id": 3,
      "nombre": "RPG"
    },
    {
      "id": 4,
      "nombre": "Indie"
    },
    {
      "id": 5,
      "nombre": "Deportes"
    },
    {
      "id": 6,
      "nombre": "Estrategia"
    }
  ],
  "juegos": [
    {
      "id": 1,
      "nombre": "Cuphead",
      "descripcion": "Cuphead is a classic run and gun action game heavily focused on boss battles. Inspired by cartoons of the 1930s, the visuals and audio are painstakingly created with the same techniques of the era, i.e. traditional hand drawn cel animation, watercolor backgrounds, and original jazz recordings.        Play as Cuphead or Mugman (in single player or local co-op) as you traverse strange worlds, acquire new weapons, learn powerful super moves, and discover hidden secrets while you try to pay your debt back to the devil!",
      "valoracion": 5,
      "precio": 18.13,
      "coverimg": "1.jpg",
      "plataformas": [
        {
          "nombre": "Windows"
        }
      ],
      "categoriaId": 1
    },
    {
      "id": 2,
      "nombre": "Thimbleweed Park",
      "descripcion": "Welcome to Thimbleweed Park. Population: 80 nutcases. A haunted hotel, an abandoned circus, a burnt-out pillow factory, a dead body pixelating under the bridge, toilets that run on vacuum tubes... you’ve never visited a place like this before. Five people with nothing in common have been drawn to this rundown, forgotten town. Read more        ",
      "valoracion": 4.5,
      "precio": 11,
      "coverimg": "2.jpg",
      "plataformas": [
        {
          "nombre": "Windows"
        },
        {
          "nombre": "Mac OS X"
        },
        {
          "nombre": "Linux"
        }
      ],
      "categoriaId": 2
    },
    {
      "id": 3,
      "nombre": "Baldur's Gate: Siege of Dragonspear",
      "descripcion": "Baldur’s Gate: Siege of Dragonspear adds a new chapter to the Bhaalspawn saga. The events occurring between Baldur’s Gate and Baldur’s Gate II are at last revealed in this 25-hour expansion for Baldur's Gate: Enhanced Edition.        ",
      "valoracion": 2.5,
      "precio": 11.77,
      "coverimg": "3.jpg",
      "plataformas": [
        {
          "nombre": "Windows"
        },
        {
          "nombre": "Mac OS X"
        },
        {
          "nombre": "Linux"
        }
      ],
      "categoriaId": 3
    },
    {
      "id": 4,
      "nombre": "Kerbal Space Program",
      "descripcion": " Kerbal Space Program is a multi-genre game where players create their own space program. In KSP, you must build space-worthy craft, capable of flying your crew out into space, without killing them. At your disposal is a collection of parts, which must be assembled to create a functional ship. Read more        ",
      "valoracion": 5,
      "precio": 24.99,
      "coverimg": "4.jpg",
      "plataformas": [
        {
          "nombre": "Windows"
        },
        {
          "nombre": "Mac OS X"
        },
        {
          "nombre": "Linux"
        }
      ],
      "categoriaId": 4
    },
    {
      "id": 5,
      "nombre": "Moto Racer",
      "descripcion": "A legend among motorcycle racers and the most memorable game of its kind to ever hit the PC market. Offering a superb blend of lightning-fast superbike racing and hairpin curve-infested motocross events, it became an instant classic. It's got a bunch of nifty features, like two driving models (arcade and simulation), vivid graphics that look pretty nice even today and a broad selection of motorcycles to choose from.",
      "valoracion": 3.5,
      "precio": 3.85,
      "coverimg": "5.jpg",
      "plataformas": [
        {
          "nombre": "Windows"
        }
      ],
      "categoriaId": 5
    },
    {
      "id": 6,
      "nombre": "Dungeons 3",
      "descripcion": "At last, the Dungeon Lord has successfully united the forces of evil and established his dark empire. Time for the next step in his most diabolical quest: expansion! Through enticing the dark elf priestess Thalya from the fluffy clutches of the surface world to become his chief lieutenant, the Dungeon Lord has found a way to direct his campaign of conquest from the confines of his underground lair. Read more",
      "valoracion": 4,
      "precio": 25.48,
      "coverimg": "6.jpg",
      "plataformas": [
        {
          "nombre": "Windows"
        },
        {
          "nombre": "Mac OS X"
        },
        {
          "nombre": "Linux"
        }
      ],
      "categoriaId": 6
    }
  ],
  "users": [
    {
      "email": "jvalenzani@gmail.com",
      "firstname": "javier",
      "lastname": "valenzani",
      "password": "supersecreto1",
      "sex": "1",
      "newsletter": false,
      "id": 1,
      "carrito": [
        {
          "item": 2
        },
        {
          "item": 5
        },
        1,
        2,
        3,
        4,
        1,
        null,
        1,
        2,
        3,
        4,
        5,
        6,
        8,
        1,
        2,
        3,
        4,
        5,
        6,
        7,
        8,
        9,
        1,
        2,
        3,
        4,
        5,
        6,
        7,
        1,
        1,
        1,
        1,
        1,
        1
      ]
    },
    {
      "id": 2
    },
    {
      "id": 3
    },
    {
      "id": 4
    },
    {
      "id": 5
    },
    {
      "id": 6
    },
    {
      "id": 7
    },
    {
      "id": 8
    },
    {
      "id": 9
    },
    {
      "id": 10
    },
    {
      "id": 11
    },
    {
      "id": 12
    },
    {
      "email": "kdkdkdkd@mfmfmfm.com",
      "name": "fdfsdf",
      "apellido": "fdfsdf",
      "password": "fdfsdf",
      "id": 13
    },
    {
      "email": "alejo-el-manya9@hotmail.com",
      "name": "dfdsf",
      "apellido": "sdfds",
      "password": "sdfgsdfg",
      "sexo": "1",
      "id": 14
    },
    {
      "email": "oterolivero@gmail.com",
      "name": "Alejo",
      "apellido": "Olieero",
      "password": "sdfsdfa",
      "sexo": "1",
      "carrito": [],
      "id": 15
    },
    {
      "email": "ab@1235.com",
      "name": "fsdf",
      "apellido": "sdfdfg",
      "password": "sdfgdfg",
      "sexo": "1",
      "newsletter": "on",
      "carrito": [],
      "id": 16
    },
    {
      "email": "ab@12345.com",
      "name": "aljo",
      "apellido": "olivrosdsdf",
      "password": "sdsdfasdf",
      "sexo": "1",
      "newsletter": "on",
      "carrito": [],
      "id": 17
    },
    {
      "email": "ajjjjk@gamail.com",
      "name": "jkjkfgjkjkl",
      "apellido": "fjkdfjlsjksd",
      "password": "sdfsdfsdfjkljkf",
      "sexo": "1",
      "newsletter": "on",
      "carrito": [],
      "id": 18
    },
    {
      "email": "reter@gmail.com",
      "name": "er",
      "apellido": "ertwer",
      "password": "wertwert",
      "sexo": "1",
      "newsletter": "on",
      "carrito": [],
      "id": 19
    },
    {
      "email": "alejo-el-manya9@hotmail.com",
      "name": "asdfasd",
      "apellido": "sdafasdf",
      "password": "asdfsdaf",
      "sexo": "1",
      "newsletter": "true",
      "carrito": [],
      "id": 20
    },
    {
      "email": "aolivero@alumno.ceibal.edu.uy",
      "name": "xcvxcv",
      "apellido": "sadfasd",
      "password": "asdfsdaf",
      "sexo": "1",
      "newsletter": "false",
      "carrito": [],
      "id": 21
    },
    {
      "email": "asdfd",
      "name": "sfasdf",
      "apellido": "afads",
      "password": "adfsdaf",
      "sexo": "1",
      "newsletter": "false",
      "carrito": [],
      "id": 22
    },
    {
      "email": "alejo-el-manya9@hotmail.com",
      "name": "",
      "apellido": "",
      "password": "sdfsdf",
      "sexo": "1",
      "newsletter": "false",
      "carrito": [],
      "id": 23
    },
    {
      "email": "alejo-el-manya9@hotmail.com",
      "name": "",
      "apellido": "",
      "password": "sadfsdaf",
      "sexo": "1",
      "newsletter": "false",
      "carrito": [],
      "id": 24
    },
    {
      "email": "aolivero@estudiante.ceibal.edu.uy",
      "name": "",
      "apellido": "",
      "password": "asdfsadf",
      "sexo": "1",
      "newsletter": "false",
      "carrito": [],
      "id": 25
    },
    {
      "email": "alejo-el-manya9@hotmail.com",
      "name": "",
      "apellido": "",
      "password": "dsfsdf",
      "sexo": "1",
      "newsletter": "false",
      "carrito": [],
      "id": 26
    },
    {
      "email": "alejo-el-manya9@hotmail.com",
      "name": "",
      "apellido": "",
      "password": "fadsfa",
      "sexo": "1",
      "newsletter": "false",
      "carrito": [],
      "id": 27
    },
    {
      "email": "alejo-el-manya9@hotmail.com",
      "name": "",
      "apellido": "",
      "password": "asdfdsaf",
      "sexo": "1",
      "newsletter": "false",
      "carrito": [],
      "id": 28
    },
    {
      "email": "alejo-el-manya9@hotmail.com",
      "name": "",
      "apellido": "",
      "password": "adfasdf",
      "sexo": "1",
      "newsletter": "false",
      "carrito": [],
      "id": 29
    },
    {
      "email": "alejo-el-manya9@hotmail.com",
      "name": "",
      "apellido": "",
      "password": "dsfadsafa",
      "sexo": "1",
      "newsletter": "false",
      "carrito": [],
      "id": 30
    },
    {
      "email": "ajaj@gmai.com",
      "name": "",
      "apellido": "",
      "password": "dfgdsfg",
      "sexo": "1",
      "newsletter": "false",
      "carrito": [],
      "id": 31
    },
    {
      "email": "ajaj@gmai.com",
      "name": "",
      "apellido": "",
      "password": "sdfsdfsdf",
      "sexo": "1",
      "newsletter": "false",
      "carrito": [],
      "id": 32
    },
    {
      "email": "jijijiiii@gmail.com",
      "name": "",
      "apellido": "",
      "password": "dsafsdaf",
      "sexo": "1",
      "newsletter": "false",
      "carrito": [],
      "id": 33
    },
    {
      "email": "jijijiiii@gmail.com",
      "name": "",
      "apellido": "",
      "password": "fdsafasdf",
      "sexo": "1",
      "newsletter": "false",
      "carrito": [],
      "id": 34
    },
    {
      "email": "dsafsdfdfsdfsdfa@gmail.com",
      "name": "",
      "apellido": "",
      "password": "sadfsadf",
      "sexo": "1",
      "newsletter": "false",
      "carrito": [],
      "id": 35
    },
    {
      "email": "sadfjsdafdsfjsdlfka@gmail.com",
      "name": "",
      "apellido": "",
      "password": "sadfsadfsd",
      "sexo": "1",
      "newsletter": "false",
      "carrito": [],
      "id": 36
    },
    {
      "email": "jojojojoj@gmail.com",
      "name": "",
      "apellido": "",
      "password": "asdfsadf",
      "sexo": "1",
      "newsletter": "false",
      "carrito": [],
      "id": 37
    },
    {
      "email": "larongo@gmail.com",
      "name": "fsfsdf",
      "apellido": "sdfsdfasf",
      "password": "1234",
      "sexo": "1",
      "newsletter": "true",
      "id": 38
    },
    {
      "email": "1234",
      "name": "",
      "apellido": "",
      "password": "jota@gmail.com",
      "sexo": "1",
      "newsletter": "false",
      "id": 39
    },
    {
      "email": "2345",
      "name": "",
      "apellido": "",
      "password": "alfatango@gmail.com",
      "sexo": "1",
      "newsletter": "false",
      "carrito": [],
      "id": 40
    },
    {
      "email": "",
      "name": "",
      "apellido": "",
      "password": "",
      "sexo": "1",
      "newsletter": "false",
      "carrito": [],
      "id": 41
    },
    {
      "email": "ljfdsljfsdljfjklkljkl",
      "name": "fdsfjsdlfj",
      "apellido": "sdljflsdajflsk",
      "password": "qsdfljflsdjlskdj",
      "sexo": "1",
      "newsletter": "false",
      "carrito": [],
      "id": 42
    },
    {
      "email": "asdfadsfasdf@gmail.com",
      "name": "",
      "apellido": "",
      "password": "sdfsdf",
      "sexo": "1",
      "newsletter": "false",
      "carrito": [],
      "id": 43
    },
    {
      "email": "gjgjgjkgjk@gmail.com",
      "name": "",
      "apellido": "",
      "password": "hkhjkhkj",
      "sexo": "1",
      "newsletter": "false",
      "id": 44
    },
    {
      "email": "sdfsjhfsdjksdkl@gmail.com",
      "name": "",
      "apellido": "",
      "password": "asdfsdfa",
      "sexo": "1",
      "newsletter": "false",
      "carrito": [
        1,
        1,
        1,
        1,
        1,
        1,
        5,
        1,
        2,
        2,
        1,
        1,
        1,
        1,
        1,
        1,
        5,
        1,
        7,
        1,
        1,
        1,
        2,
        1,
        2,
        1,
        1,
        1,
        1,
        2
      ],
      "id": 45
    },
    {
      "email": "fgfdgsdf@gmail.com",
      "name": "",
      "apellido": "",
      "password": "43534",
      "sexo": "1",
      "newsletter": "false",
      "carrito": [],
      "id": 46
    },
    {
      "email": "sgfdsg@gmail.com",
      "name": "",
      "apellido": "",
      "password": "",
      "sexo": "1",
      "newsletter": "false",
      "carrito": [],
      "id": 47
    },
    {
      "email": "fghfghhgertyrtytr@gmail.com",
      "name": "",
      "apellido": "",
      "password": "",
      "sexo": "1",
      "newsletter": "false",
      "carrito": [],
      "id": 48
    },
    {
      "email": "santigggp96@hotmail.com",
      "name": "",
      "apellido": "",
      "password": "466",
      "sexo": "1",
      "newsletter": "false",
      "carrito": [],
      "id": 49
    },
    {
      "email": "ghfgdfgfdfdgfd@gmail.com",
      "name": "",
      "apellido": "",
      "password": "352523532523523",
      "sexo": "1",
      "newsletter": "false",
      "carrito": [],
      "id": 50
    },
    {
      "email": "ddd",
      "name": "",
      "apellido": "",
      "password": "34324234324234324",
      "sexo": "1",
      "newsletter": "false",
      "carrito": [],
      "id": 51
    },
    {
      "email": "dsfsdaf",
      "name": "",
      "apellido": "",
      "password": "214423423423423432",
      "sexo": "1",
      "newsletter": "false",
      "carrito": [],
      "id": 52
    },
    {
      "email": "sdfsdfdsf",
      "name": "",
      "apellido": "",
      "password": "443534534535",
      "sexo": "1",
      "newsletter": "false",
      "carrito": [],
      "id": 53
    },
    {
      "email": "gdfgdfgfddgf@gmail.com",
      "name": "",
      "apellido": "",
      "password": "43534534543",
      "sexo": "1",
      "newsletter": "false",
      "carrito": [],
      "id": 54
    },
    {
      "email": "sdfsdfsdfsf",
      "name": "",
      "apellido": "",
      "password": "43535435435345435",
      "sexo": "1",
      "newsletter": "false",
      "carrito": [],
      "id": 55
    },
    {
      "email": "dfsdfsdfdsfsdf",
      "name": "",
      "apellido": "",
      "password": "432432432423423",
      "sexo": "1",
      "newsletter": "false",
      "carrito": [],
      "id": 56
    },
    {
      "email": "sdfsdfsdf",
      "name": "",
      "apellido": "",
      "password": "4324234324324324",
      "sexo": "1",
      "newsletter": "false",
      "carrito": [],
      "id": 57
    },
    {
      "email": "sdfsdfsdfsdfsdfsdf",
      "name": "",
      "apellido": "",
      "password": "sdfsdfdsfsdfdsfdsfdsfsdfdsf",
      "sexo": "1",
      "newsletter": "false",
      "carrito": [],
      "id": 58
    },
    {
      "email": "d",
      "name": "",
      "apellido": "",
      "password": "35253523242",
      "sexo": "1",
      "newsletter": "false",
      "carrito": [],
      "id": 59
    },
    {
      "email": "dsfsdfsdsdffsd",
      "name": "",
      "apellido": "",
      "password": "3333333333333",
      "sexo": "1",
      "newsletter": "false",
      "carrito": [],
      "id": 60
    },
    {
      "email": "sdfsdfsfdfsdfsdq@",
      "name": "",
      "apellido": "",
      "password": "ret45654456546646",
      "sexo": "1",
      "newsletter": "false",
      "carrito": [],
      "id": 61
    },
    {
      "email": "@dsfsdfsdfsdf",
      "name": "",
      "apellido": "",
      "password": "343243243243432423",
      "sexo": "1",
      "newsletter": "false",
      "carrito": [],
      "id": 62
    },
    {
      "email": "dsdfsdfsd@gmail.com",
      "name": "fsdfsdf",
      "apellido": "sdfsdf",
      "password": "4354354543543543534543",
      "sexo": "1",
      "newsletter": "false",
      "carrito": [],
      "id": 63
    },
    {
      "email": "fsdfsd@",
      "name": "",
      "apellido": "",
      "password": "45453545435345",
      "sexo": "1",
      "newsletter": "false",
      "carrito": [],
      "id": 64
    },
    {
      "email": "sdfdsfsdf@gmail.com",
      "name": "",
      "apellido": "",
      "password": "sdfsdfsdfdsfsdfsdf",
      "sexo": "1",
      "newsletter": "false",
      "carrito": [],
      "id": 65
    },
    {
      "email": "dfsdf@",
      "name": "",
      "apellido": "",
      "password": "sdfsdfsfdsff",
      "sexo": "1",
      "newsletter": "false",
      "carrito": [],
      "id": 66
    },
    {
      "email": "sdfdsfsfdfs@gmail.com",
      "name": "",
      "apellido": "",
      "password": "sdfdsfsdfsfdsfdsf",
      "sexo": "1",
      "newsletter": "false",
      "carrito": [],
      "id": 67
    },
    {
      "email": "dfsdfsdf@gmail.com",
      "name": "",
      "apellido": "",
      "password": "sdfsdfsdfdfds",
      "sexo": "1",
      "newsletter": "false",
      "carrito": [],
      "id": 68
    },
    {
      "email": "jfsdlkfjdslkfjdslkfjlksdjflsdf@gmail.com",
      "name": "",
      "apellido": "",
      "password": "34543543543543",
      "sexo": "1",
      "newsletter": "false",
      "carrito": [],
      "id": 69
    }
  ]
}